first_name,last_name,email
John,Smith,November@november
Erica,Knowles,March@november
Adam,Yentzer,May@may
Jeremy,Davis,January@january
Diana,Davis,January@january
first_name,last_name,email
Matt,Lope,mover@mover
first_name,last_name,email
Matt,Lope,mover@mover
Matt,Lope,mover@mover
Matt,Lope,mover@mover
Matt,Lope,mover@mover
Matt,Lope,mover@mover
Matt,Lope,mover@mover
Matt,Lope,mover@mover
Matt,Lope,mover@mover
Matt,Lope,mover@mover
Matt,Lope,mover@mover
Matt,Lope,mover@mover
Matt,Lope,mover@mover
Matt,Lope,mover@mover
